lead_id,property_uuid,proposed_gate,reasons,open_core,conflicts,evidence_snapshot_id,reviewer,signed_at,final_gate,stale_signoff,rules_version
K1,a86e9b66-0bf6-5310-b0af-56c25e9a1ce0,HOLD,apn: missing | situs_address: missing | jurisdiction: missing | geometry_match: missing,apn;situs_address;jurisdiction;geometry_match,,ES-0f45f4f0fee31743,,,,,phase1-gate-1.0.0
K2,91214026-8a04-5826-aa1e-6e1787434c1c,HOLD,apn: provisional | situs_address: missing | jurisdiction: missing | geometry_match: missing,apn;situs_address;jurisdiction;geometry_match,,ES-9907af3475b809a1,,,,,phase1-gate-1.0.0
K3,73af88e5-4ffc-59b9-abea-6c62d9b01304,HOLD,apn: provisional | situs_address: missing | jurisdiction: missing | geometry_match: missing,apn;situs_address;jurisdiction;geometry_match,,ES-f292e4dd7f32908b,,,,,phase1-gate-1.0.0
K4,23fd0de4-5139-5f9f-a9a8-bc7b5fcf3eb7,HOLD,apn: provisional | situs_address: missing | jurisdiction: missing | geometry_match: missing,apn;situs_address;jurisdiction;geometry_match,,ES-0bbc9901f381fd1e,,,,,phase1-gate-1.0.0
K5,4c4392c1-7edd-5f9e-98c1-3975efe4421e,HOLD,apn: missing | situs_address: missing | jurisdiction: missing | geometry_match: missing,apn;situs_address;jurisdiction;geometry_match,,ES-505697ff713bb857,,,,,phase1-gate-1.0.0
F1,245d94e1-0d9d-5f4f-9b4c-d0340dc6e895,HOLD,apn: provisional | situs_address: missing | jurisdiction: missing | geometry_match: missing,apn;situs_address;jurisdiction;geometry_match,,ES-f723ac9d5006940a,,,,,phase1-gate-1.0.0
F2,d35f40ee-ea10-5ba4-9822-56f964238010,HOLD,apn: provisional | situs_address: missing | jurisdiction: missing | geometry_match: missing,apn;situs_address;jurisdiction;geometry_match,,ES-9929f1bad0170538,,,,,phase1-gate-1.0.0
F3,5cfa48ec-613f-557f-b6b7-7e7d66080385,HOLD,apn: provisional | situs_address: missing | jurisdiction: missing | geometry_match: missing | zoning: conflicting,apn;situs_address;jurisdiction;geometry_match,zoning,ES-717b034d4fce77e6,,,,,phase1-gate-1.0.0
F4,3f461d95-d441-5c6d-b7c5-862b8c887f90,HOLD,apn: missing | situs_address: missing | jurisdiction: missing | geometry_match: missing,apn;situs_address;jurisdiction;geometry_match,,ES-17109ae08012c08a,,,,,phase1-gate-1.0.0
F5,08ffb22a-b85b-5092-b011-842a7d933e03,HOLD,apn: provisional | situs_address: missing | jurisdiction: missing | geometry_match: missing,apn;situs_address;jurisdiction;geometry_match,,ES-d986939d5df151ff,,,,,phase1-gate-1.0.0
