property_uuid,lead_id,pilot_id,county,lead_address,official_situs_address,situs_state,apn,apn_state,apn_variants,parcel_status,apn_history,jurisdiction,jurisdiction_state,planning_authority,zoning,zoning_state,geometry_match,geometry_state,gis_layer_and_limits,assessor_source_url,assessor_retrieved_at,jurisdiction_source_url,jurisdiction_retrieved_at,conflicts,title_status,reviewer,evidence_snapshot_id,next_action,proposed_gate,final_gate,rules_version
a86e9b66-0bf6-5310-b0af-56c25e9a1ce0,K1,PILOT-01,Kern,"2207 River Blvd, Bakersfield, CA 93305",,missing,,missing,,UNKNOWN,NOT_AVAILABLE,,missing,,,missing,,missing,,,,,,,NOT_RETRIEVED,,ES-0f45f4f0fee31743,"Kern Assessor Property Search > Address Search: ""2207 River"" (no street type). Screenshot the record showing APN and situs address. On the same record tap 'View Parcel Map'; screenshot the parcel. Official City of Bakersfield city-limits map (or Kern planning map): screenshot showing the parcel inside or outside city limits.",HOLD,,phase1-gate-1.0.0
91214026-8a04-5826-aa1e-6e1787434c1c,K2,PILOT-02,Kern,"2208 Lake St, Bakersfield, CA 93306",,missing,,provisional,13741004008,UNKNOWN,NOT_AVAILABLE,,missing,,,missing,,missing,,,,,,,NOT_RETRIEVED,,ES-9907af3475b809a1,"Kern Assessor Property Search > Address Search: ""2208 Lake"" (no street type). Screenshot the record showing APN and situs address. On the same record tap 'View Parcel Map'; screenshot the parcel. Official City of Bakersfield city-limits map (or Kern planning map): screenshot showing the parcel inside or outside city limits.",HOLD,,phase1-gate-1.0.0
73af88e5-4ffc-59b9-abea-6c62d9b01304,K3,PILOT-03,Kern,"1316 E California Ave, Bakersfield, CA 93307",,missing,,provisional,01736010006 | 01736010,UNKNOWN,NOT_AVAILABLE,,missing,,,missing,,missing,,,,,,,NOT_RETRIEVED,,ES-f292e4dd7f32908b,"Kern Assessor Property Search > Address Search: ""1316 E California"" (no street type). Screenshot the record showing APN and situs address. On the same record tap 'View Parcel Map'; screenshot the parcel. Official City of Bakersfield city-limits map (or Kern planning map): screenshot showing the parcel inside or outside city limits.",HOLD,,phase1-gate-1.0.0
23fd0de4-5139-5f9f-a9a8-bc7b5fcf3eb7,K4,PILOT-04,Kern,"1010 Beale Ave, Bakersfield, CA 93305",,missing,,provisional,014-290-20-00-4,UNKNOWN,NOT_AVAILABLE,,missing,,,missing,,missing,,,,,,,NOT_RETRIEVED,,ES-0bbc9901f381fd1e,"Kern Assessor Property Search > Address Search: ""1010 Beale"" (no street type). Screenshot the record showing APN and situs address. On the same record tap 'View Parcel Map'; screenshot the parcel. Official City of Bakersfield city-limits map (or Kern planning map): screenshot showing the parcel inside or outside city limits.",HOLD,,phase1-gate-1.0.0
4c4392c1-7edd-5f9e-98c1-3975efe4421e,K5,PILOT-05,Kern,"2126 O St, Bakersfield, CA 93301",,missing,,missing,,UNKNOWN,NOT_AVAILABLE,,missing,,,missing,,missing,,,,,,,NOT_RETRIEVED,,ES-505697ff713bb857,"Kern Assessor Property Search > Address Search: ""2126 O"" (no street type). Screenshot the record showing APN and situs address. On the same record tap 'View Parcel Map'; screenshot the parcel. Official City of Bakersfield city-limits map (or Kern planning map): screenshot showing the parcel inside or outside city limits.",HOLD,,phase1-gate-1.0.0
245d94e1-0d9d-5f4f-9b4c-d0340dc6e895,F1,PILOT-06,Fresno,"3449 N Marks Ave, Fresno, CA 93722",,missing,,provisional,433-450-06,UNKNOWN,NOT_AVAILABLE,,missing,,,missing,,missing,,,,,,,NOT_RETRIEVED,,ES-f723ac9d5006940a,"Fresno Assessor Assessed Value Lookup for ""3449 N Marks Ave"". Screenshot the APN and situs address. Parcel map viewer (by APN) or the county GIS portal: tap the parcel, screenshot the popup. City of Fresno City Limits map / county GIS city-limit layer: screenshot showing the parcel inside or outside city limits.",HOLD,,phase1-gate-1.0.0
d35f40ee-ea10-5ba4-9822-56f964238010,F2,PILOT-07,Fresno,"6075 N Poplar Ave, Fresno, CA 93704",,missing,,provisional,407-391-10,UNKNOWN,NOT_AVAILABLE,,missing,,,missing,,missing,,,,,,,NOT_RETRIEVED,,ES-9929f1bad0170538,"Fresno Assessor Assessed Value Lookup for ""6075 N Poplar Ave"". Screenshot the APN and situs address. Parcel map viewer (by APN) or the county GIS portal: tap the parcel, screenshot the popup. City of Fresno City Limits map / county GIS city-limit layer: screenshot showing the parcel inside or outside city limits.",HOLD,,phase1-gate-1.0.0
5cfa48ec-613f-557f-b6b7-7e7d66080385,F3,PILOT-08,Fresno,"435 N Valeria St, Fresno, CA 93701",,missing,,provisional,459-081-30,UNKNOWN,NOT_AVAILABLE,,missing,,R4 vs RS-5,conflicting,,missing,,,,,,zoning,NOT_RETRIEVED,,ES-717b034d4fce77e6,"Fresno Assessor Assessed Value Lookup for ""435 N Valeria St"". Screenshot the APN and situs address. Parcel map viewer (by APN) or the county GIS portal: tap the parcel, screenshot the popup. City of Fresno City Limits map / county GIS city-limit layer: screenshot showing the parcel inside or outside city limits.",HOLD,,phase1-gate-1.0.0
3f461d95-d441-5c6d-b7c5-862b8c887f90,F4,PILOT-09,Fresno,"3940 E Burns Ave, Fresno, CA",,missing,,missing,,UNKNOWN,NOT_AVAILABLE,,missing,,,missing,,missing,,,,,,,NOT_RETRIEVED,,ES-17109ae08012c08a,"Fresno Assessor Assessed Value Lookup for ""3940 E Burns Ave"". Screenshot the APN and situs address. Parcel map viewer (by APN) or the county GIS portal: tap the parcel, screenshot the popup. City of Fresno City Limits map / county GIS city-limit layer: screenshot showing the parcel inside or outside city limits.",HOLD,,phase1-gate-1.0.0
08ffb22a-b85b-5092-b011-842a7d933e03,F5,PILOT-10,Fresno,"1262 N Marks Ave, Fresno, CA 93722",,missing,,provisional,449-291-09,UNKNOWN,NOT_AVAILABLE,,missing,,,missing,,missing,,,,,,,NOT_RETRIEVED,,ES-d986939d5df151ff,"Fresno Assessor Assessed Value Lookup for ""1262 N Marks Ave"". Screenshot the APN and situs address. Parcel map viewer (by APN) or the county GIS portal: tap the parcel, screenshot the popup. City of Fresno City Limits map / county GIS city-limit layer: screenshot showing the parcel inside or outside city limits.",HOLD,,phase1-gate-1.0.0
