property_uuid,lead_id,pilot_id,county,lead_address,advertised_asking_price_usd,advertised_cap_rate_pct,listing_source_url
a86e9b66-0bf6-5310-b0af-56c25e9a1ce0,K1,PILOT-01,Kern,"2207 River Blvd, Bakersfield, CA 93305",615000,6.69,https://www.showcase.com/ca/kern-county/apartment-buildings/for-sale/
91214026-8a04-5826-aa1e-6e1787434c1c,K2,PILOT-02,Kern,"2208 Lake St, Bakersfield, CA 93306",444000,5.99,https://www.showcase.com/ca/kern-county/apartment-buildings/for-sale/
73af88e5-4ffc-59b9-abea-6c62d9b01304,K3,PILOT-03,Kern,"1316 E California Ave, Bakersfield, CA 93307",629000,5.84,https://www.showcase.com/ca/kern-county/apartment-buildings/for-sale/
23fd0de4-5139-5f9f-a9a8-bc7b5fcf3eb7,K4,PILOT-04,Kern,"1010 Beale Ave, Bakersfield, CA 93305",1749000,6.72,https://www.showcase.com/ca/kern-county/apartment-buildings/for-sale/
4c4392c1-7edd-5f9e-98c1-3975efe4421e,K5,PILOT-05,Kern,"2126 O St, Bakersfield, CA 93301",995000,8.45,https://www.showcase.com/ca/kern-county/apartment-buildings/for-sale/
245d94e1-0d9d-5f4f-9b4c-d0340dc6e895,F1,PILOT-06,Fresno,"3449 N Marks Ave, Fresno, CA 93722",649900,7.18,https://www.showcase.com/ca/fresno-county/apartment-buildings/for-sale/
d35f40ee-ea10-5ba4-9822-56f964238010,F2,PILOT-07,Fresno,"6075 N Poplar Ave, Fresno, CA 93704",1049000,5.82,https://www.showcase.com/ca/fresno-county/apartment-buildings/for-sale/
5cfa48ec-613f-557f-b6b7-7e7d66080385,F3,PILOT-08,Fresno,"435 N Valeria St, Fresno, CA 93701",1399900,6.6,https://www.showcase.com/ca/fresno-county/apartment-buildings/for-sale/
3f461d95-d441-5c6d-b7c5-862b8c887f90,F4,PILOT-09,Fresno,"3940 E Burns Ave, Fresno, CA",1175000,8.87,https://www.showcase.com/ca/fresno-county/apartment-buildings/for-sale/
08ffb22a-b85b-5092-b011-842a7d933e03,F5,PILOT-10,Fresno,"1262 N Marks Ave, Fresno, CA 93722",3100000,4.06,https://www.showcase.com/ca/fresno-county/apartment-buildings/for-sale/
