concept_id,concept_title,collection,visual_subjects,documentation_requirement,verification_warning,priority,asset_filename,asset_url_or_library_ref,created_date,source_prompt_or_session,image_version,status,owner,reviewer,approval_date,notes
EVID-01,Evidence & Decision Boards,Evidence,"BIR A–N, Building Health Score, acquisition decision contract, source/confidence boards","Verified sources, scenario metadata, gates, explicit uncertainty",Evidence is illustrative unless tied to source records,Priority 1,,,,,,UNMATCHED_ASSET,,,,
OPS-01,Portfolio Command,Operational UI,"Asset overview, vacancy, turns, work orders, capex, reserves, decision queue",Operational data and human approval for consequential actions,"Concept UI, not live dashboard",Priority 1,,,,,,UNMATCHED_ASSET,,,,
OPS-02,Compliance & Eligibility,Operational UI,"Recertification, permit/legal-unit status, approvals and escalations","Authority, dates, status, audit trail",Never infer legal units from renderings,Priority 1,,,,,,UNMATCHED_ASSET,,,,
OPS-03,Maintenance & Turns,Operational UI,"Work-order workflows, vendor cycles, unit turns, robot interfaces",Separate deployed capabilities from speculative robotics,Future interfaces are conceptual,Priority 2,,,,,,UNMATCHED_ASSET,,,,
OPS-04,Asset Stabilization,Operational UI,"Lease-up, actual rents, NOI, expenses, DSCR, cash flow, refinancing",Actual vs modeled states and no-refinance downside,Financial numbers require source and date,Priority 1,,,,,,UNMATCHED_ASSET,,,,
OPS-05,Digital Twin & Scenario Lab,Operational UI,"Existing-condition scan, LOD 0–3, adaptive reuse alternatives, P10/P50/P90","LOD and evidence maturity, scenarios not approved plans",Not an as-built or engineering certification,Priority 2,,,,,,UNMATCHED_ASSET,,,,
ACQ-01,Acquisition & Capital,Evidence,"Kern/Fresno parcel dossier, jurisdiction, comparables, feasibility, buy/hold/no-buy","APN, jurisdiction, source dates, lender assumptions, evidence gates",No image constitutes verified parcel evidence,Priority 1,,,,,,UNMATCHED_ASSET,,,,
DES-01,Adaptive Reuse / Intervention Ladder,Concept,Existing building to targeted rehabilitation and modernization,"Existing vs proposed; regulatory, cost and unknown-condition risks",Conceptual feasibility only,Priority 2,,,,,,UNMATCHED_ASSET,,,,
DES-02,AIModular New Construction,Concept,"Kit-of-parts, structural chassis, passive systems, courtyard/infill concepts","Assembly sequence, dimensions, climate response, structural review",Renderings not permit drawings,Priority 2,,,,,,UNMATCHED_ASSET,,,,
DES-03,Environmental & Deployable Structures,Concept,"Retractable shade, thermal actuation, anticlastic fabric, outdoor public realm","Deployment states, failure modes, maintenance, engineering validation",Prototype hypothesis,Priority 3,,,,,,UNMATCHED_ASSET,,,,
SYS-01,Robot Building Interface,Concept,"Indoor rover, cargo pod, mobility chassis, access/routing and wall/tablet OS",Building permissions vs robot local autonomy,Robotics concepts not installed systems,Priority 3,,,,,,UNMATCHED_ASSET,,,,
EDO-01,EDO Pattern Genome / Texture Library,Brand,"Genotype-to-phenotype, recursion, hierarchy, Voronoi, triadic geometry","Genome fields, source influence, material and application",Cultural interpretation distinguished from measured performance,Priority 2,,,,,,UNMATCHED_ASSET,,,,
EDO-02,Digital Surfaces & Wayfinding,Concept,"Interior/exterior media walls, floor/ceiling interfaces, navigation indicators","Safety/egress legibility, accessibility, functional UI first",Media surface concept; code review required,Priority 3,,,,,,UNMATCHED_ASSET,,,,
FUT-01,Synaptic Residences / Future Concepts,Concept,"Cybernetic dwellings, adaptive rooms, autonomy and long-range visions","Future status, dependencies, no implied commercial readiness",Speculative exploration,Archive,,,,,,UNMATCHED_ASSET,,,,
BRD-01,AIM Identity & Presentation Boards,Brand,"Voronoi triangular AIM mark, dark/minimal, cyan/magenta, EDO family","Canonical logo, palette, approved typography, provenance",Brand boards not technical evidence,Priority 2,,,,,,UNMATCHED_ASSET,,,,
