image_id,concept_id,cross_tags,title,visible_content,technical_status,evidence_maturity,release_state,flags,derivative_of,duplicates,archive_filename,upload_filename,sha256,width,height,bytes,received_date,owner,reviewer,approval_date
AIMV-001,ACQ-01,,Fresno County GIS portal screenshot A,"Phone screenshot (12:35) of gisportal.co.fresno.ca.us web map: aerial basemap, red road lines, pink zones.",REQUIRES_VALIDATION,provisional (official portal screenshot),TAGGED,No parcel selected; layer names and legend not visible; capture date not on image,,,AIMV-001_ACQ-01.png,2d232e80-image.png,a81fd6abbff87daf00709dfcab735ea244cbc0f32377fc33e32f1803ea93a5d8,1290,2796,9092240,2026-10-09,Daniel Ebuehi,,
AIMV-002,ACQ-01,,Fresno County GIS portal screenshot B,Phone screenshot (12:34) of the same portal at a different extent: pink zones along a road corridor.,REQUIRES_VALIDATION,provisional (official portal screenshot),TAGGED,No parcel selected; layer names and legend not visible; capture date not on image,,,AIMV-002_ACQ-01.png,5f9fba37-image.png,aa94e551da7f5b7136a40aa317bd5f224403cf7cbe0a7473137962bf2eb7f2fa,1290,2796,9098666,2026-10-09,Daniel Ebuehi,,
AIMV-003,ACQ-01,,Fresno County GIS portal screenshot C,Phone screenshot (12:34) of the portal with purple and green boundary lines (likely city limit / sphere of influence) and pink zones.,REQUIRES_VALIDATION,provisional (official portal screenshot),TAGGED,Boundary meaning not labelled on image; confirm layer names before use,,,AIMV-003_ACQ-01.png,85aedaee-image.png,1854b63f42e44c6e18a2af0048a56062760d9b9d4d4c8ef912d86c5f57dc37bb,1290,2796,8312410,2026-10-09,Daniel Ebuehi,,
AIMV-004,DES-03,EDO-01,EDO triadic pavilion - kit of assembly,"White board: pavilion plan, exploded parts legend, connection details and assembly sequence.",CONCEPT,concept,TAGGED,Dimensions and loads illustrative; structural review required,,,AIMV-004_DES-03.png,5c9e4c2a-image.png,00db872479b46fad0eec561469d484608a8eaba890d00349825528acef519b48,1536,1024,2480573,2026-10-09,Daniel Ebuehi,,
AIMV-005,DES-03,,EDO triadic pavilion - desert render,Tensile perforated canopy on triadic masts over seating in a Joshua-tree desert.,CONCEPT,concept,TAGGED,,,,AIMV-005_DES-03.png,f4a833f9-image.png,5310d3cdf3a1e8a8219c313e20aeef7768bdc366411ea6617e5e6d3ed2ff028d,1536,1024,3164955,2026-10-09,Daniel Ebuehi,,
AIMV-006,DES-03,,EDO triadic pavilion - open/closed states board,"Day (open) and night (closed) states, plan, sections, assembly icons and performance callouts.",CONCEPT,concept,TAGGED,"Performance callouts (shade %, cooling, wind retraction) are design goals, not tested",,,AIMV-006_DES-03.png,83549df9-image.png,7ed235deb3423a12d21e8e7dca077525031fead004ff9ac8cccfb485675aa709,1536,1024,3540193,2026-10-09,Daniel Ebuehi,,
AIMV-007,EDO-01,,AIM EDO triadic genome - pattern families board A,"Dark board: triadic primitive, 2D geometric variations, 3D structures, pattern families, applications strip.",CONCEPT,concept,TAGGED,,,,AIMV-007_EDO-01.png,30a87a8e-image.png,bdcec1c3b8774fb4ce793523fa834a9d0f855b56f5175e9d3f211c0e5ab9a05c,1312,1199,2567523,2026-10-09,Daniel Ebuehi,,
AIMV-008,EDO-01,,AIM EDO triadic genome - pattern library board B,"Dark board: geometric library, dimensional exploration, pattern system, colour system, applications strip.",CONCEPT,concept,TAGGED,,,,AIMV-008_EDO-01.png,d94eb305-image.png,031428a3215791013cdf43729a59b01bd3bb1d08c048c0546124f6d777ffa685,1536,1024,2735428,2026-10-09,Daniel Ebuehi,,
AIMV-009,EDO-01,BRD-01,AIM EDO triadic genome - master board,"Dark board: the primitive, 2D geometries, 3D structures, 4D adaptive systems, pattern families, colour palettes, applications.",CONCEPT,concept,TAGGED,,,,AIMV-009_EDO-01.png,950b24ed-image.png,97874520796698bd0db9bed2cdc5ac545b1b99bef93c2130731b2bdf719ca385,1536,1024,2523921,2026-10-09,Daniel Ebuehi,,
AIMV-010,BRD-01,EDO-02,AIM triadic plaza sculpture,Large white/black/brown triadic sculpture in a plaza with AIM signage and a glass building.,CONCEPT,concept,TAGGED,,,,AIMV-010_BRD-01.png,ad70a5f9-image.png,d48db3de2691b1e108b3c1350ac116e927c746203409366b187e89954f17ee89,1448,1086,3784037,2026-10-09,Daniel Ebuehi,,
AIMV-011,EDO-01,,Triadic furniture - side table and lamp,"Side table and globe lamp on three-leg triadic bases (white, black, walnut).",CONCEPT,concept,TAGGED,,,,AIMV-011_EDO-01.png,1cb08ab0-image.png,44e905fc16804d22f99dded9d7b3f9dcc82cd9d3a16fb9849f38617f3857c8f6,1448,1086,2370307,2026-10-09,Daniel Ebuehi,,
AIMV-012,SYS-01,WEAR-01,Humanoid robot with triadic harness,White/black humanoid robot with a triadic shoulder harness; 120-degree detail views.,CONCEPT,concept,TAGGED,"Robotics concept, not an installed system",,,AIMV-012_SYS-01.png,7a297e2b-image.png,1cf72a95dc9034b216f89c17e7c18a19c63340a4af8125212f28a75b6e34a390,1448,1086,3046661,2026-10-09,Daniel Ebuehi,,
AIMV-013,WEAR-01,,Seamless Threads - triadic harness apparel,Man and woman in white athletic wear with triadic harness straps; geometry-to-fashion detail panel.,CONCEPT,concept,TAGGED,,,,AIMV-013_WEAR-01.png,60ceabce-image.png,0e289fdc3a496de389a80b6c5cbb26ae4f0a12a4c15a8e81c2d8f7e558d0b7d2,1448,1086,3257378,2026-10-09,Daniel Ebuehi,,
AIMV-014,SYS-01,,"AIM drone dock - land, charge, deploy",Tripod triadic drone dock with quadcopter in desert; detail panels.,CONCEPT,concept,TAGGED,Belongs to EDO Droid / drone track; not in Phase 1 scope,,,AIMV-014_SYS-01.png,a2c546a8-image.png,c2ad7397b0bf765b55cb78ff67522561d26fa62fa9b4193fe03c48c12951de0e,1448,1086,3016978,2026-10-09,Daniel Ebuehi,,
AIMV-015,SYS-01,,"AIM Robotics tripod rover - inspect, move, maintain",Three-leg rover with sensor head; 120-degree plan and detail panels.,CONCEPT,concept,TAGGED,Belongs to EDO Droid track; not in Phase 1 scope,,,AIMV-015_SYS-01.png,c4e144dc-image.png,e7d963582378e0776727f4e0733b37d7f107089856e2d6ee95fc77ab0e646dc8,1448,1086,2965522,2026-10-09,Daniel Ebuehi,,
AIMV-016,EDO-02,BRD-01,AIM-B5R lobby wayfinding kiosk,Triadic kiosk with screens in a lobby; AIM-B5R mark on the mast.,CONCEPT,concept,TAGGED,Media surface concept; egress/accessibility review before use,,,AIMV-016_EDO-02.png,5a5281c9-image.png,5d64dbc6d1e1ee963bfa7c1b3e87c2e2b7452e58692d8f2dfebf041db2dbf93a,1448,1086,3820763,2026-10-09,Daniel Ebuehi,,
AIMV-017,DES-03,,Triadic canopy lounge - desert,Large triadic arch with fabric canopy over lounge seating at sunset.,CONCEPT,concept,TAGGED,,,,AIMV-017_DES-03.png,a3c1e801-image.png,fc7b6c53f19fb5aa82678db667822d1bdffedd6b5024094f2e2c6cfd65c5a187,1448,1086,2688015,2026-10-09,Daniel Ebuehi,,
AIMV-018,BRD-01,EDO-01,Triadic primitive - plan and perspective (MASTER),"White background: three arms at 120 degrees in plan and perspective (white, black, brown).",CONCEPT,concept,TAGGED,Master reference for generated visuals,,,AIMV-018_BRD-01.png,15a1ad15-image.png,d6e68bd7dd9a3441bed8d24a0f97b47c725f3fb231484a4092928523d47f8d4f,1536,1024,1273839,2026-10-09,Daniel Ebuehi,,
AIMV-019,EDO-01,BRD-01,Triadic primitive - rope (flat),"Three ropes (white, black, brown) joined at 120 degrees, lying flat.",CONCEPT,concept,TAGGED,,,,AIMV-019_EDO-01.png,8a8eca4e-image.png,30305e8ee5764752d2a18cc3f0615c58cf2197b2906c90322bf445231732aed3,1254,1254,1596930,2026-10-09,Daniel Ebuehi,,
AIMV-020,EDO-01,BRD-01,Triadic primitive - rope (standing),Three ropes joined in a standing tripod arch.,CONCEPT,concept,TAGGED,,,,AIMV-020_EDO-01.png,8e6a61e0-image.png,2a2eff57139f8477b60e87af8d6ff2b26848fb2c9598f9ae127dce6e34914770,1254,1254,1757873,2026-10-09,Daniel Ebuehi,,
AIMV-021,WEAR-01,,"Seamless Threads - pets, inclusive fits, custom bodies","Poster: dog vests, inclusive body types, wheelchair user, surface tech, closures, service/medical uses.",CONCEPT,concept,TAGGED,"Medical/health claims (vital signs, post-surgery, therapeutic) need regulatory review before publishing",,,AIMV-021_WEAR-01.png,caeeb4fd-image.png,597f482e15e9828967ea53423ed948ab42d1e6dd512aef5cad73c73a103f293b,1122,1402,3879073,2026-10-09,Daniel Ebuehi,,
AIMV-022,WEAR-01,SYS-01,Seamless Threads - cybernetic droid augmentation,"Poster: droid/human platform views, surface layers, functional zones, modular components, repair cycle.",CONCEPT,concept,TAGGED,,,,AIMV-022_WEAR-01.png,6ad172ce-image.png,5f96bc40011a14eed6e03deff51057ff7300f99dc9d19729b0e58500dc5f47e5,1122,1402,3781147,2026-10-09,Daniel Ebuehi,,
AIMV-023,WEAR-01,MED-01,Stuttr - Seamless Threads performance system,"Poster: Stuttr lead in lit coat with two performers; performance, travel and studio modes.",CONCEPT,concept,TAGGED,Also a Dance8 wardrobe reference,,,AIMV-023_WEAR-01.png,072854c1-image.png,eb9c6ca81d8753579b2d1bd149ffc586c515c53f8395fae363a8feb739ef874e,1122,1402,3882419,2026-10-09,Daniel Ebuehi,,
AIMV-024,WEAR-01,,Seamless Threads - women's adaptive line,"Poster: desert, urban, mountain, performance modes; close-ups, accessories, body mapping.",CONCEPT,concept,TAGGED,,,,AIMV-024_WEAR-01.png,5c931e2c-image.png,13ad5d622e9c846f703ddc59ed9edc374b077f9d770eccbc2ef829cd4888a703,1122,1402,4017503,2026-10-09,Daniel Ebuehi,,
AIMV-025,WEAR-01,,Seamless Threads - men's adaptive line,"Poster: desert, urban executive, mountain, performance modes; material intelligence, inclusive fit.",CONCEPT,concept,TAGGED,,,,AIMV-025_WEAR-01.png,661ef240-image.png,cc62e78110642366ff7805106e8c30e0c9c433c6a36bcef833a8f94a77b2df39,1122,1402,3824382,2026-10-09,Daniel Ebuehi,,
AIMV-026,WEAR-01,,Seamless Threads - fabrication engine,"Poster: multi-material printing cell, process steps, lattice, repairable modules, cross-section.",CONCEPT,concept,TAGGED,"Materials (aerogel, phase-change gel, graphene) are aspirational, not specified",,,AIMV-026_WEAR-01.png,f4d2c3d2-image.png,fa763721870556d9110670aff77957dfd71e1611f400a6900151b33ce514ada4,1122,1402,3812101,2026-10-09,Daniel Ebuehi,,
AIMV-027,WEAR-01,,Body-to-surface workflow,"Poster: scan, mesh, pressure/thermal maps, genome interpretation, final suit; climate-tuned fits.",CONCEPT,concept,TAGGED,Shows example heights/weights; body data needs consent and privacy rules if ever real,,,AIMV-027_WEAR-01.png,d19e172c-image.png,33581db4342bf539e25a6c2be42f800a598969e7931b0a323e3a89cbbdeb63d6,1122,1402,3774079,2026-10-09,Daniel Ebuehi,,
AIMV-028,WEAR-01,,Seamless Threads - platform overview,"Poster: body capture, genome engine, materials, fabrication, climate modes, applications, strategic value.",CONCEPT,concept,TAGGED,,,,AIMV-028_WEAR-01.png,503e32c1-image.png,f3a297cf824fb4c039020e3cb47f389cc03da9e8949717e23bf18d759a267640,1122,1402,3849071,2026-10-09,Daniel Ebuehi,,
AIMV-029,FUT-01,EDO-01,EDO 3's album screenshot (species / habitat / benefits),Phone screenshot of a 13-item photo album scrolled through EDO 3's posters.,CONCEPT,concept,TAGGED,Derivative: screenshot of posters indexed separately,album screenshot of FUT-01/EDO-01 posters,,AIMV-029_FUT-01.png,55e29b4e-image.png,0800fc67b359b8acad90b738198a9b9e797f510e95de067879f96c27ba6a5df9,1290,2796,15439208,2026-10-09,Daniel Ebuehi,,
AIMV-030,FUT-01,EDO-01,EDO 3's album screenshot (genome / typologies / species),"Phone screenshot of the same album scrolled through the genome, typologies and species posters.",CONCEPT,concept,TAGGED,Derivative: screenshot of posters indexed separately,album screenshot of FUT-01/EDO-01 posters,,AIMV-030_FUT-01.png,debc82ae-image.png,fa063118305ba0d660724f792d827e37fe43fd444c30c837fd2b40175a963dd2,1290,2796,15518318,2026-10-09,Daniel Ebuehi,,
AIMV-031,LET-01,OPS-01,L.E.T. Airbnb + operations workflow,"Poster: 9-step operations cycle, guest journey, turnover, maintenance, portfolio dashboard, site filters, checklist.",CONCEPT,concept,TAGGED,"ILLUSTRATIVE NUMBERS (12 properties, 94% occupancy, $48K/mo, 2.4x CoC, +18%, ADR table); Airbnb trademark shown",,,AIMV-031_LET-01.png,9a9846f5-image.png,bc1ffeac87ba4db92908583cc519ad49f9029489bfb337560a24b693e9321994,1122,1402,3618639,2026-10-09,Daniel Ebuehi,,
AIMV-032,LET-01,SYS-01,Mobile Field Node - Kern County / Transect,"Truck, expandable trailer with sleep/kitchen/bath/command modules, drone pad, Kern route map.",CONCEPT,concept,TAGGED,Step bar has two '4' steps and repeated text under Analyze/Operate,,,AIMV-032_LET-01.png,f675e301-image.png,66d1f2b80e9e201e4a318243ae5afe993d980b2d550d90612aa89f0d0066ea3d,1672,941,3982705,2026-10-09,Daniel Ebuehi,,
AIMV-033,LET-01,,Valley Live-Work Node - Fresno,Single-family pool home with outdoor kitchen; 13 room vignettes; system icons.,CONCEPT,concept,TAGGED,"Single-family STR concept, not the 10+ unit pilot; STR rules need checking per city",,,AIMV-033_LET-01.png,17889625-image.png,bfc6ac230d8096832fbc02bdd98371d0639cb210466f364ef73360a58c819a2b,1672,941,4025992,2026-10-09,Daniel Ebuehi,,
AIMV-034,LET-01,,Lumen Snow Node - Crestline,Two-storey mountain home cutaway in snow; room vignettes; envelope callouts.,CONCEPT,concept,TAGGED,"Envelope specs (aerogel, triple glazing) are design intent",,,AIMV-034_LET-01.png,7df10d8f-image.png,260e988c9348c34a5b9b5f32dc5d99f0295aec4839e15ca58e8c7ca42f4d7177,1672,941,4002220,2026-10-09,Daniel Ebuehi,,
AIMV-035,LET-01,DES-03,Eon Desert Node - Twentynine Palms,"Desert home at dusk with rooftop triadic canopy, Stuttr media wall, self check-in, drone pad, EV charger.",CONCEPT,concept,TAGGED,,,,AIMV-035_LET-01.png,538f966f-image.png,97ef02295355929817cd46e072fd31b1df3f0285d696bb3165d5f8ec570f942d,1672,941,4187660,2026-10-09,Daniel Ebuehi,,
AIMV-036,LET-01,OPS-01;BRD-01,L.E.T. homes + workflow system,"Poster: brand DNA legend, four site contexts, home types, workflow stack, systems, accessibility, wayfinding.",CONCEPT,concept,TAGGED,"ILLUSTRATIVE NUMBERS on dashboard (12 properties, 94%, $48K, 2.4x)",,,AIMV-036_LET-01.png,59c935b0-image.png,1a7e28258b2ffdf4500cb39d6144dee138b119fbc32df69839ab3dcaa6132947,1122,1402,3702392,2026-10-09,Daniel Ebuehi,,
AIMV-037,FUT-01,EDO-01,EDO 3's - from molecule to world,Poster: six scales from molecular scaffold to district ecology; structure/signal/adaptation per scale.,CONCEPT,concept,TAGGED,Speculative science framing; keep labelled conceptual,,,AIMV-037_FUT-01.png,e1fd6298-image.png,a189d749564019378eb0ac13ab613772625e04cfba78cdf404311cd07229a041,1448,1086,3645740,2026-10-09,Daniel Ebuehi,,
AIMV-038,EDO-01,FUT-01,EDO 3's - benefits matrix,"Poster: eight claimed benefit areas of a three-symbol genome, with conceptual note.",CONCEPT,concept,TAGGED,"Typo 'intulligence'; benefits are conceptual, not demonstrated (poster says so)",,,AIMV-038_EDO-01.png,13ce037f-image.png,cea67a51ae15cf24960b61bcbca72065f0134050cb0f8d4f5779a7358ad65f5f,1448,1086,3301457,2026-10-09,Daniel Ebuehi,,
AIMV-039,FUT-01,EDO-02,EDO 3's - habitat and civilization,"Poster: lattice city with towers and waterfalls; interior, civic, facade and material panels.",CONCEPT,concept,TAGGED,,,,AIMV-039_FUT-01.png,1c08bc52-image.png,4ae5807cea45994e9077c553c887266a0f637c880bdef1fec62e2035f8c4cda1,1448,1086,3943800,2026-10-09,Daniel Ebuehi,,
AIMV-040,FUT-01,,EDO 3's - species atlas,"Poster: six speculative organisms (glider, grazer, sentinel, reef weaver, swarm pearl, builder).",CONCEPT,concept,TAGGED,Header and footer read 'AIM-BSR' (typo for AIM-B5R),,,AIMV-040_FUT-01.png,d3cda707-image.png,453bca7ba5ee953395f298b0d6da792b12dcfb76aa25cb13a60a788eea522194,1448,1086,3767477,2026-10-09,Daniel Ebuehi,,
AIMV-041,FUT-01,DES-03,EDO 3's - structural typologies,"Poster: tower, porous shell, root column forest, bridge, canopy pavilion, reef megastructure.",CONCEPT,concept,TAGGED,Header and footer read 'AIM-BSR' (typo for AIM-B5R),,,AIMV-041_FUT-01.png,257a31d8-image.png,ca06687ebfcbc9dbfa0ddc98c382b332dd83a72b478144a6407c36833df56e9c,1448,1086,3569802,2026-10-09,Daniel Ebuehi,,
AIMV-042,EDO-01,FUT-01,EDO 3's - triadic genome system,"Poster: 4-base DNA vs three-strand genome, scaffold, pattern grammar, expressions across scales.",CONCEPT,concept,TAGGED,Poster itself states 'not a literal scientific claim'; keep that label,,,AIMV-042_EDO-01.png,43cd7ec0-image.png,6082b507f26577f9750610bbb13da06c769dfdb401034bac1c14c17c296240b2,1448,1086,2930923,2026-10-09,Daniel Ebuehi,,
AIMV-043,MED-01,,Stuttr crew - market street (wide),"Crew in camo walking through a crowded wet market street at sunset, bridge and skyline behind.",CONCEPT,concept,TAGGED,"Dance8 / Stuttr scene reference, not AIM-B5R",,19f1f85a-image.png,AIMV-043_MED-01.png,e15dfca3-image.png,9627b85081bfeff80357bfd0ff1cc90889a60c4a2983148063cf731516a16206,1024,1536,2392092,2026-10-07,Daniel Ebuehi,,
AIMV-044,MED-01,,Stuttr crew - from a bus window,Over-the-shoulder view from a yellow bus window onto the crew in the market street.,CONCEPT,concept,TAGGED,"Dance8 / Stuttr scene reference, not AIM-B5R",,5cc46aa3-image.png,AIMV-044_MED-01.png,7501fcb1-image.png,50e9fc989c8396fcb69066fc0f32e6b20342236b21d4ad8637444b42bab85e92,1024,1536,2578211,2026-10-07,Daniel Ebuehi,,
AIMV-045,MED-01,,Stuttr crew - food stall foreground,Crew framed behind a vendor handing food across a grill.,CONCEPT,concept,TAGGED,"Dance8 / Stuttr scene reference, not AIM-B5R",,db7e7968-image.png,AIMV-045_MED-01.png,fa812b4d-image.png,70860eedfae9dc9e4db833aded1afe133622250d909f6907975225e51581acff,1024,1536,2493905,2026-10-07,Daniel Ebuehi,,
AIMV-046,MED-01,,Stuttr crew - reflection walk,Crew walking toward camera over a wet reflective street.,CONCEPT,concept,TAGGED,"Dance8 / Stuttr scene reference, not AIM-B5R",,0bac1954-image.png,AIMV-046_MED-01.png,97527fb0-image.png,b19042b7ee7b71718864d419e4ace8a61f505fe5d6183af0aa4f3a23a5b77000,1024,1536,2795400,2026-10-07,Daniel Ebuehi,,
