property_id,county,address,secondary_apn_candidate,secondary_source,official_apn_verified,parcel_status,parcel_history,jurisdiction_verified,planning_authority_verified,zoning_verified,official_geometry_match,gis_edition_applied,title_retrieved,evidence_gate,next_action,retrieval_date
K1,Kern,"2207 River Blvd, Bakersfield, CA 93305",,,NO,UNKNOWN,NOT_AVAILABLE,NO,NO,NO,NOT_CHECKED,NOT_CONFIRMED,NO,HOLD,Confirm APN and municipal boundary using official parcel map and jurisdiction layer,2026-10-09
K2,Kern,"2208 Lake St, Bakersfield, CA 93306",13741004008,Redfin,NO,UNKNOWN,NOT_AVAILABLE,NO,NO,NO,NOT_CHECKED,NOT_CONFIRMED,NO,HOLD,Confirm APN and municipal boundary using official parcel map and jurisdiction layer,2026-10-09
K3,Kern,"1316 E California Ave, Bakersfield, CA 93307",01736010006,Redfin; Zillow shorter 01736010,NO,UNKNOWN,NOT_AVAILABLE,NO,NO,NO,NOT_CHECKED,NOT_CONFIRMED,NO,HOLD,Confirm APN and municipal boundary using official parcel map and jurisdiction layer,2026-10-09
K4,Kern,"1010 Beale Ave, Bakersfield, CA 93305",014-290-20-00-4,LoopNet,NO,UNKNOWN,NOT_AVAILABLE,NO,NO,NO,NOT_CHECKED,NOT_CONFIRMED,NO,HOLD,Confirm APN and municipal boundary using official parcel map and jurisdiction layer,2026-10-09
K5,Kern,"2126 O St, Bakersfield, CA 93301",,Redfin displays suspicious 00555555; not accepted,NO,UNKNOWN,NOT_AVAILABLE,NO,NO,NO,NOT_CHECKED,NOT_CONFIRMED,NO,HOLD,Confirm APN and municipal boundary using official parcel map and jurisdiction layer,2026-10-09
F1,Fresno,"3449 N Marks Ave, Fresno, CA 93722",433-450-06,LoopNet/Redfin,NO,UNKNOWN,NOT_AVAILABLE,NO,NO,NO,NOT_CHECKED,NOT_CONFIRMED,NO,HOLD,Confirm APN and municipal boundary using official parcel map and jurisdiction layer,2026-10-09
F2,Fresno,"6075 N Poplar Ave, Fresno, CA 93704",407-391-10,Compass/Redfin,NO,UNKNOWN,NOT_AVAILABLE,NO,NO,NO,NOT_CHECKED,NOT_CONFIRMED,NO,HOLD,Confirm APN and municipal boundary using official parcel map and jurisdiction layer,2026-10-09
F3,Fresno,"435 N Valeria St, Fresno, CA 93701",459-081-30,LoopNet/Redfin; zoning R4 vs RS-5 conflict,NO,UNKNOWN,NOT_AVAILABLE,NO,NO,NO,NOT_CHECKED,NOT_CONFIRMED,NO,HOLD,Confirm APN and municipal boundary using official parcel map and jurisdiction layer,2026-10-09
F4,Fresno,"3940 E Burns Ave, Fresno, CA",,,NO,UNKNOWN,NOT_AVAILABLE,NO,NO,NO,NOT_CHECKED,NOT_CONFIRMED,NO,HOLD,Confirm APN and municipal boundary using official parcel map and jurisdiction layer,2026-10-09
F5,Fresno,"1262 N Marks Ave, Fresno, CA 93722",449-291-09,LoopNet/Redfin,NO,UNKNOWN,NOT_AVAILABLE,NO,NO,NO,NOT_CHECKED,NOT_CONFIRMED,NO,HOLD,Confirm APN and municipal boundary using official parcel map and jurisdiction layer,2026-10-09
