pilot_id,county,address,asking_price_usd,broker_cap_rate_pct,listing_source_url,official_assessor_url,apn,jurisdiction_verified,legal_units_verified,zoning_verified,hazard_verified,rent_roll_verified,insurance_verified,lender_terms_verified,evidence_status,decision_state,observed_date
PILOT-01,Kern,"2207 River Blvd, Bakersfield, CA",615000,6.69,https://www.showcase.com/ca/kern-county/apartment-buildings/for-sale/,https://www.kerncounty.com/government/departments/assessor-recorder/property/assessor-property-search,,,,,,,,,LISTING_ONLY_UNVERIFIED,HOLD_FOR_EVIDENCE,2026-10-09
PILOT-02,Kern,"2208 Lake St, Bakersfield, CA",444000,5.99,https://www.showcase.com/ca/kern-county/apartment-buildings/for-sale/,https://www.kerncounty.com/government/departments/assessor-recorder/property/assessor-property-search,,,,,,,,,LISTING_ONLY_UNVERIFIED,HOLD_FOR_EVIDENCE,2026-10-09
PILOT-03,Kern,"1316 E California Ave, Bakersfield, CA",629000,5.84,https://www.showcase.com/ca/kern-county/apartment-buildings/for-sale/,https://www.kerncounty.com/government/departments/assessor-recorder/property/assessor-property-search,,,,,,,,,LISTING_ONLY_UNVERIFIED,HOLD_FOR_EVIDENCE,2026-10-09
PILOT-04,Kern,"1010 Beale Ave, Bakersfield, CA",1749000,6.72,https://www.showcase.com/ca/kern-county/apartment-buildings/for-sale/,https://www.kerncounty.com/government/departments/assessor-recorder/property/assessor-property-search,,,,,,,,,LISTING_ONLY_UNVERIFIED,HOLD_FOR_EVIDENCE,2026-10-09
PILOT-05,Kern,"2126 O St, Bakersfield, CA",995000,8.45,https://www.showcase.com/ca/kern-county/apartment-buildings/for-sale/,https://www.kerncounty.com/government/departments/assessor-recorder/property/assessor-property-search,,,,,,,,,LISTING_ONLY_UNVERIFIED,HOLD_FOR_EVIDENCE,2026-10-09
PILOT-06,Fresno,"3449 N Marks Ave, Fresno, CA",649900,7.18,https://www.showcase.com/ca/fresno-county/apartment-buildings/for-sale/,https://www.fresnocountyca.gov/Departments/Assessor,,,,,,,,,LISTING_ONLY_UNVERIFIED,HOLD_FOR_EVIDENCE,2026-10-09
PILOT-07,Fresno,"6075 N Poplar Ave, Fresno, CA",1049000,5.82,https://www.showcase.com/ca/fresno-county/apartment-buildings/for-sale/,https://www.fresnocountyca.gov/Departments/Assessor,,,,,,,,,LISTING_ONLY_UNVERIFIED,HOLD_FOR_EVIDENCE,2026-10-09
PILOT-08,Fresno,"435 N Valeria St, Fresno, CA",1399900,6.6,https://www.showcase.com/ca/fresno-county/apartment-buildings/for-sale/,https://www.fresnocountyca.gov/Departments/Assessor,,,,,,,,,LISTING_ONLY_UNVERIFIED,HOLD_FOR_EVIDENCE,2026-10-09
PILOT-09,Fresno,"3940 E Burns Ave, Fresno, CA",1175000,8.87,https://www.showcase.com/ca/fresno-county/apartment-buildings/for-sale/,https://www.fresnocountyca.gov/Departments/Assessor,,,,,,,,,LISTING_ONLY_UNVERIFIED,HOLD_FOR_EVIDENCE,2026-10-09
PILOT-10,Fresno,"1262 N Marks Ave, Fresno, CA",3100000,4.06,https://www.showcase.com/ca/fresno-county/apartment-buildings/for-sale/,https://www.fresnocountyca.gov/Departments/Assessor,,,,,,,,,LISTING_ONLY_UNVERIFIED,HOLD_FOR_EVIDENCE,2026-10-09
